id,first_name,last_name,email,gender,ip_address
1,Onfre,Willerton,owillerton0@diigo.com,Female,35.253.152.183
2,Rebekah,Geggus,rgeggus1@cbsnews.com,Male,156.174.211.226
3,Fiann,Brandenberg,fbrandenberg2@fda.gov,Genderfluid,240.219.217.87
4,Viva,Opdenort,vopdenort3@google.nl,Male,17.5.222.148
5,Violet,Willock,vwillock4@psu.edu,Female,103.212.91.208
6,Karlene,Deverille,kdeverille5@ebay.com,Female,8.155.53.248
7,Odilia,Attewill,oattewill6@mapquest.com,Male,85.167.80.157
8,Loise,Scrivens,lscrivens7@phoca.cz,Female,84.23.234.99
9,Emanuele,Tallant,etallant8@paypal.com,Female,202.119.239.25
10,Malia,Gilardengo,mgilardengo9@typepad.com,Male,210.143.219.26
11,Athene,Dollman,adollmana@nih.gov,Male,72.109.180.177
12,Base,Ashford,bashfordb@google.fr,Female,167.219.200.187
13,Catherin,Beniesh,cbenieshc@mlb.com,Female,157.108.126.102
14,Wit,Leythley,wleythleyd@aol.com,Male,237.250.39.197
15,Marietta,Cumberland,mcumberlande@xing.com,Female,36.248.111.234
16,Aharon,De Vaux,adevauxf@ocn.ne.jp,Female,142.146.226.141
17,Gennie,Lonergan,glonergang@independent.co.uk,Female,226.103.230.162
18,Duke,Phin,dphinh@arstechnica.com,Male,135.175.115.220
19,Granny,Hawkshaw,ghawkshawi@soundcloud.com,Male,220.208.90.145
20,Bernita,De Cruze,bdecruzej@google.fr,Male,220.49.34.237
21,Merrill,Brickham,mbrickhamk@mail.ru,Female,95.5.125.97
22,Sibella,Bills,sbillsl@miitbeian.gov.cn,Male,111.123.233.216
23,Charleen,Checklin,cchecklinm@marriott.com,Male,75.235.250.76
24,Othello,Fowgies,ofowgiesn@w3.org,Bigender,194.125.66.148
25,Haily,Rexworthy,hrexworthyo@washingtonpost.com,Female,37.209.137.229
26,Marwin,Olech,molechp@amazon.com,Bigender,66.210.24.218
27,Andee,Glasbey,aglasbeyq@hibu.com,Male,228.190.149.85
28,Corliss,Andrzejczak,candrzejczakr@ning.com,Male,80.33.97.243
29,Fionna,Dzenisenka,fdzenisenkas@sina.com.cn,Male,11.248.12.161
30,Caterina,Lovell,clovellt@uiuc.edu,Male,49.117.207.213
31,Gabbi,Perryman,gperrymanu@alexa.com,Male,100.87.167.84
32,Filippa,Barnhart,fbarnhartv@typepad.com,Female,158.220.54.20
33,Jorrie,Sapsford,jsapsfordw@blogtalkradio.com,Polygender,138.73.159.246
34,Reine,De Ambrosi,rdeambrosix@vistaprint.com,Male,38.25.219.153
35,Tabbie,Jocic,tjocicy@feedburner.com,Female,187.130.173.199
36,Amelie,Blakiston,ablakistonz@nyu.edu,Male,42.140.132.163
37,Bink,McMichael,bmcmichael10@unicef.org,Female,96.127.155.116
38,Alfredo,Brambley,abrambley11@amazon.de,Female,217.10.130.0
39,Lacy,Vickar,lvickar12@pcworld.com,Female,185.210.211.104
40,Randy,Grigorini,rgrigorini13@reddit.com,Female,124.41.200.241
41,Charity,Luckwell,cluckwell14@deviantart.com,Female,229.173.30.96
42,Idette,Arington,iarington15@reddit.com,Female,189.1.253.177
43,Lena,Laurand,llaurand16@indiegogo.com,Male,64.204.247.170
44,Auria,Lorens,alorens17@pen.io,Male,183.249.118.26
45,Arline,Kerslake,akerslake18@psu.edu,Male,188.135.254.166
46,Trumann,Woods,twoods19@webs.com,Male,240.188.168.113
47,Helyn,Storrier,hstorrier1a@photobucket.com,Female,203.249.215.67
48,Jermain,Torns,jtorns1b@wisc.edu,Male,111.194.160.144
49,Evaleen,Kubu,ekubu1c@nyu.edu,Male,109.244.69.208
50,Natalee,Denerley,ndenerley1d@loc.gov,Male,102.28.175.99
51,Georgianna,O'Loughnan,goloughnan1e@whitehouse.gov,Male,54.167.147.212
52,Tatum,Vecard,tvecard1f@unc.edu,Female,6.144.246.27
53,Gregor,Becket,gbecket1g@smh.com.au,Male,115.201.28.1
54,Rosie,McKeaveney,rmckeaveney1h@nydailynews.com,Female,223.37.219.202
55,Farly,Illidge,fillidge1i@cloudflare.com,Bigender,200.45.39.0
56,Onfroi,Summerlie,osummerlie1j@chronoengine.com,Male,226.95.117.127
57,Erick,Paulich,epaulich1k@cargocollective.com,Male,97.237.245.183
58,Lemmie,Alejandri,lalejandri1l@dailymail.co.uk,Female,185.168.126.59
59,Correy,Ballance,cballance1m@answers.com,Male,29.199.136.9
60,Shayna,Couroy,scouroy1n@moonfruit.com,Male,187.29.239.247
61,Shirlene,Gamet,sgamet1o@tinyurl.com,Male,221.189.106.118
62,Deedee,Snyder,dsnyder1p@sfgate.com,Female,240.74.119.177
63,Ellwood,Brunet,ebrunet1q@techcrunch.com,Male,59.55.103.108
64,Carrie,Dufer,cdufer1r@addtoany.com,Female,98.55.227.217
65,Corey,Turvey,cturvey1s@moonfruit.com,Bigender,166.32.207.32
66,Alie,Maulkin,amaulkin1t@geocities.com,Bigender,109.127.134.94
67,Felice,Warlaw,fwarlaw1u@wunderground.com,Female,202.55.49.70
68,Dee dee,Lillyman,dlillyman1v@shop-pro.jp,Male,5.110.243.104
69,Dynah,Driscoll,ddriscoll1w@google.ca,Agender,160.55.0.20
70,Meara,Scoffham,mscoffham1x@smugmug.com,Male,81.200.167.250
71,Dora,Mateus,dmateus1y@aboutads.info,Female,2.113.127.97
72,Emmott,Unsworth,eunsworth1z@lulu.com,Female,227.229.98.133
73,Jobina,Snadden,jsnadden20@over-blog.com,Female,55.5.15.27
74,Correy,Hubbert,chubbert21@va.gov,Male,219.202.120.17
75,Wilden,Springthorp,wspringthorp22@vistaprint.com,Male,6.95.140.66
76,Adorne,Faragher,afaragher23@goo.ne.jp,Male,151.35.219.74
77,Delmore,Newport,dnewport24@washingtonpost.com,Female,17.139.190.171
78,Cliff,Lacrouts,clacrouts25@cpanel.net,Female,144.130.106.122
79,Millie,Birtwhistle,mbirtwhistle26@cdbaby.com,Female,247.174.190.191
80,Jaime,Drayton,jdrayton27@apple.com,Male,191.24.235.55
81,Melany,Nel,mnel28@flickr.com,Female,67.101.119.211
82,Worthy,Cattlemull,wcattlemull29@exblog.jp,Female,101.14.110.39
83,Dunn,Greenough,dgreenough2a@studiopress.com,Polygender,240.63.22.177
84,Alexi,Hemphrey,ahemphrey2b@soundcloud.com,Female,238.170.0.2
85,Myrvyn,Lomb,mlomb2c@columbia.edu,Male,227.156.43.82
86,Becca,Cunnell,bcunnell2d@diigo.com,Female,161.220.72.191
87,Adolf,Tallyn,atallyn2e@hao123.com,Male,170.39.6.132
88,Wyatan,Warden,wwarden2f@paginegialle.it,Female,252.99.242.117
89,Cordy,Stainbridge,cstainbridge2g@flavors.me,Male,180.91.56.96
90,Yasmin,Corkish,ycorkish2h@flavors.me,Genderfluid,9.31.69.36
91,Wheeler,Birney,wbirney2i@shop-pro.jp,Female,107.117.123.37
92,Ozzie,Lothlorien,olothlorien2j@tiny.cc,Male,163.14.102.180
93,Hallsy,Toms,htoms2k@globo.com,Female,168.162.161.51
94,Rosco,Bartrum,rbartrum2l@guardian.co.uk,Female,202.194.66.130
95,Alexina,Proback,aproback2m@cloudflare.com,Female,21.242.149.68
96,Maynard,Botting,mbotting2n@woothemes.com,Male,0.86.241.209
97,Rusty,Hathaway,rhathaway2o@fc2.com,Genderqueer,101.12.223.85
98,Abbie,Goffe,agoffe2p@msn.com,Female,104.70.174.183
99,Jolene,Leyninye,jleyninye2q@yelp.com,Female,171.123.224.247
100,Kelly,Klarzynski,kklarzynski2r@smugmug.com,Female,74.25.86.186
