id,first_name,last_name,email,gender,ip_address
1,Cori,Redfield,credfield0@ucsd.edu,Male,26.148.85.51
2,Yankee,Falkingham,yfalkingham1@simplemachines.org,Male,140.129.8.114
3,Sebastien,Sans,ssans2@vimeo.com,Male,167.137.106.206
4,Millie,Renzullo,mrenzullo3@yale.edu,Female,156.163.215.225
5,Arni,Lindbergh,alindbergh4@seattletimes.com,Agender,152.99.137.142
6,Charo,Lurner,clurner5@cdbaby.com,Male,21.137.129.52
7,Alejandra,Wightman,awightman6@infoseek.co.jp,Male,217.2.90.140
8,Junina,Diack,jdiack7@jigsy.com,Male,70.189.206.105
9,Aldwin,Ure,aure8@fema.gov,Female,90.203.157.148
10,Dion,Huitson,dhuitson9@auda.org.au,Female,4.77.97.13
11,Loretta,Vischi,lvischia@usnews.com,Male,50.102.59.151
12,Laural,Straun,lstraunb@squidoo.com,Male,56.12.39.55
13,Forest,Jenoure,fjenourec@sciencedaily.com,Male,142.167.10.0
14,Nanny,Tythacott,ntythacottd@ftc.gov,Male,74.67.82.58
15,Adelheid,Schettini,aschettinie@opensource.org,Male,175.144.135.254
16,Eddie,Thurstance,ethurstancef@multiply.com,Male,108.148.201.242
17,Berenice,Belson,bbelsong@nhs.uk,Bigender,137.225.95.34
18,Arluene,Philipsson,aphilipssonh@ezinearticles.com,Male,184.142.166.24
19,Vernen,Keyho,vkeyhoi@reverbnation.com,Female,20.213.213.170
20,Mair,Dalgarnowch,mdalgarnowchj@psu.edu,Male,74.62.199.229
21,Saxon,Medhurst,smedhurstk@slideshare.net,Male,97.18.8.178
22,Weidar,Denniston,wdennistonl@merriam-webster.com,Male,60.45.235.63
23,Gates,Klemensiewicz,gklemensiewiczm@nymag.com,Male,30.218.62.229
24,Em,Halden,ehaldenn@go.com,Female,237.229.197.240
25,Chaddie,Pettipher,cpettiphero@baidu.com,Bigender,196.75.7.245
26,Prue,Southwell,psouthwellp@gnu.org,Male,200.177.91.191
27,Mitchell,Halbard,mhalbardq@ehow.com,Male,152.139.232.84
28,Maudie,Matskiv,mmatskivr@goo.gl,Male,104.127.165.188
29,Cornie,Livett,clivetts@studiopress.com,Male,254.144.228.159
30,Radcliffe,Cowterd,rcowterdt@yellowbook.com,Male,127.188.123.156
31,Arte,Saur,asauru@networkadvertising.org,Male,172.20.236.108
32,Maryl,Hannaford,mhannafordv@dailymotion.com,Male,10.234.126.102
33,Kelsy,Jenkinson,kjenkinsonw@springer.com,Male,235.85.141.63
34,Tildi,Boyn,tboynx@skyrock.com,Female,39.108.225.242
35,Estella,Corner,ecornery@goodreads.com,Female,239.158.189.109
36,Arv,Hulburt,ahulburtz@sogou.com,Male,237.37.157.255
37,Pattin,Rays,prays10@geocities.com,Male,111.224.160.230
38,Cristy,Armitt,carmitt11@indiegogo.com,Male,46.252.54.191
39,Matt,Hagston,mhagston12@irs.gov,Male,206.75.50.140
40,Jennine,Robertson,jrobertson13@youtube.com,Male,20.201.237.104
41,Danika,Hannen,dhannen14@cdc.gov,Female,232.242.115.242
42,Friederike,Ciubutaro,fciubutaro15@bandcamp.com,Female,214.144.66.242
43,Yulma,Ingon,yingon16@time.com,Female,105.247.46.157
44,Vernon,Dearan,vdearan17@123-reg.co.uk,Male,224.248.138.81
45,Susan,Vasilevich,svasilevich18@reverbnation.com,Female,140.231.76.131
46,Cassi,Willgrass,cwillgrass19@github.io,Female,67.19.28.181
47,Standford,Kelso,skelso1a@histats.com,Male,196.228.85.56
48,Patricio,Feldfisher,pfeldfisher1b@histats.com,Male,230.178.160.10
49,Brent,Fyfe,bfyfe1c@cafepress.com,Male,110.183.16.43
50,Gretta,Cornels,gcornels1d@ning.com,Female,124.228.214.232
51,Fabian,Owbridge,fowbridge1e@devhub.com,Male,176.104.158.225
52,Jaime,Wendover,jwendover1f@weather.com,Male,70.179.35.90
53,Keene,Stuckford,kstuckford1g@histats.com,Female,40.254.13.170
54,Kaia,Borland,kborland1h@pagesperso-orange.fr,Female,47.6.231.67
55,Evvy,Kinman,ekinman1i@tinyurl.com,Female,34.103.73.165
56,Izaak,Jarvis,ijarvis1j@yandex.ru,Female,103.0.105.98
57,Jonie,Brambley,jbrambley1k@vistaprint.com,Female,60.61.177.193
58,Meredith,Slatter,mslatter1l@alibaba.com,Male,101.51.38.7
59,Anjanette,Ryott,aryott1m@hibu.com,Agender,146.65.69.129
60,Lotta,Dusey,ldusey1n@bandcamp.com,Female,208.62.143.63
61,Callean,Muffett,cmuffett1o@virginia.edu,Male,44.63.199.213
62,Loni,Ogdahl,logdahl1p@wikia.com,Male,111.147.245.231
63,Luther,Carhart,lcarhart1q@xrea.com,Male,98.249.240.111
64,Brocky,Safont,bsafont1r@msn.com,Male,22.145.121.212
65,Ealasaid,Floyed,efloyed1s@geocities.jp,Male,231.153.231.224
66,Gisele,Aslet,gaslet1t@woothemes.com,Female,98.18.43.126
67,Eleonore,Musicka,emusicka1u@freewebs.com,Male,54.53.83.184
68,Thekla,Axten,taxten1v@sphinn.com,Male,69.59.158.211
69,Waring,Brigstock,wbrigstock1w@google.ca,Male,16.139.185.229
70,Loralie,Studdard,lstuddard1x@yellowpages.com,Female,13.208.37.113
71,Malvina,Powis,mpowis1y@cmu.edu,Male,5.184.249.220
72,Frants,Pipet,fpipet1z@admin.ch,Male,195.35.147.33
73,Kimbell,Rounsefull,krounsefull20@rediff.com,Male,57.165.64.170
74,Adolf,Perocci,aperocci21@163.com,Female,232.247.252.210
75,Hagen,Rymer,hrymer22@cdc.gov,Male,38.42.65.219
76,Thornie,McAllester,tmcallester23@posterous.com,Male,10.65.194.76
77,Bonnibelle,Eldered,beldered24@dion.ne.jp,Female,55.37.103.236
78,Prudy,Thripp,pthripp25@amazonaws.com,Female,169.34.183.237
79,Lew,Muffen,lmuffen26@jiathis.com,Male,242.206.81.51
80,Helen-elizabeth,Di Angelo,hdiangelo27@reuters.com,Genderfluid,194.81.245.171
81,Merv,Minichillo,mminichillo28@ucsd.edu,Male,141.116.97.64
82,Wesley,Leynagh,wleynagh29@wordpress.com,Female,229.162.70.18
83,Bruis,Finlow,bfinlow2a@ovh.net,Male,184.164.131.127
84,Cassandre,Callicott,ccallicott2b@soup.io,Female,231.53.195.174
85,Sayer,Kubal,skubal2c@guardian.co.uk,Female,216.71.250.155
86,Ivory,Shires,ishires2d@ow.ly,Male,61.220.31.154
87,Samantha,Ellett,sellett2e@indiegogo.com,Male,196.48.164.221
88,Paulo,Atte-Stone,pattestone2f@europa.eu,Male,255.194.4.165
89,Willa,Garrett,wgarrett2g@e-recht24.de,Female,236.18.208.42
90,Stacia,Dingwall,sdingwall2h@foxnews.com,Male,238.28.51.64
91,Cornie,Barrasse,cbarrasse2i@sitemeter.com,Agender,136.23.58.80
92,Luis,McIlhone,lmcilhone2j@wikimedia.org,Male,166.17.101.249
93,Bary,Emberton,bemberton2k@hexun.com,Female,120.160.254.25
94,Anton,Rainbird,arainbird2l@webeden.co.uk,Non-binary,120.79.82.30
95,Elizabeth,Yetman,eyetman2m@uol.com.br,Male,61.169.119.19
96,Lutero,Fitzhenry,lfitzhenry2n@bloglovin.com,Female,4.226.228.13
97,Erminia,Vegas,evegas2o@storify.com,Genderfluid,189.59.211.180
98,Valaree,Afield,vafield2p@arizona.edu,Male,136.62.87.8
99,Terrell,Blasgen,tblasgen2q@usa.gov,Female,90.109.213.184
100,Dimitry,Pontin,dpontin2r@latimes.com,Male,95.179.245.160
101,Mirella,Castleton,mcastleton2s@cocolog-nifty.com,Male,250.116.172.50
102,Joanna,Aldgate,jaldgate2t@omniture.com,Male,100.30.84.141
103,Mace,De Matteis,mdematteis2u@paypal.com,Male,182.217.247.171
104,Corinna,Mouser,cmouser2v@sciencedirect.com,Female,10.117.16.163
105,Arleta,Sprull,asprull2w@chicagotribune.com,Male,203.37.187.18
106,Zarla,Rosenzveig,zrosenzveig2x@last.fm,Male,2.119.10.118
107,Jonah,Maleck,jmaleck2y@csmonitor.com,Male,167.83.222.140
108,Devinne,Elijah,delijah2z@cbc.ca,Male,224.50.182.213
109,Davon,Gocke,dgocke30@comsenz.com,Female,77.22.186.213
110,Mallorie,Waddoups,mwaddoups31@wufoo.com,Agender,94.43.182.110
111,Francklyn,Lagne,flagne32@last.fm,Male,82.173.235.53
112,Muffin,Scruton,mscruton33@nyu.edu,Female,113.34.158.157
113,Peg,Krystek,pkrystek34@liveinternet.ru,Male,188.72.180.135
114,Fraser,Scorah,fscorah35@jiathis.com,Male,51.125.53.236
115,Michele,Raffels,mraffels36@ed.gov,Genderqueer,99.45.205.232
116,Yolanthe,Colmer,ycolmer37@adobe.com,Male,80.229.62.211
117,Lizbeth,Pauncefort,lpauncefort38@google.ca,Agender,246.39.84.205
118,Kyle,Queyeiro,kqueyeiro39@mashable.com,Female,90.73.113.206
119,Robert,Lambertz,rlambertz3a@craigslist.org,Female,111.177.76.4
120,Addi,MacAree,amacaree3b@twitter.com,Male,211.90.218.219
121,Freida,Pepon,fpepon3c@tripadvisor.com,Female,210.69.34.162
122,Ferne,Brandassi,fbrandassi3d@wordpress.com,Male,149.105.184.110
123,Janina,Winspear,jwinspear3e@free.fr,Male,106.12.248.249
124,Gilemette,Meyrick,gmeyrick3f@facebook.com,Female,169.102.62.137
125,Inglis,Bouchard,ibouchard3g@cam.ac.uk,Male,30.104.14.40
126,Jess,Squires,jsquires3h@ihg.com,Polygender,18.180.64.153
127,Sallie,Cleatherow,scleatherow3i@addtoany.com,Female,25.193.104.48
128,Tobe,Ciepluch,tciepluch3j@1und1.de,Male,197.172.247.204
129,Kippie,Hearons,khearons3k@wufoo.com,Female,32.70.215.77
130,Ola,Cuddehy,ocuddehy3l@amazon.de,Male,102.243.219.233
131,Andonis,Wincer,awincer3m@businessinsider.com,Female,107.188.116.142
132,Darin,Godsil,dgodsil3n@digg.com,Agender,54.25.122.150
133,Wain,Duinbleton,wduinbleton3o@amazonaws.com,Male,3.152.132.159
134,Sigismondo,McKerron,smckerron3p@senate.gov,Male,57.43.182.65
135,Debora,Dy,ddy3q@sina.com.cn,Female,143.219.106.3
136,Candida,Korbmaker,ckorbmaker3r@time.com,Female,252.69.243.171
137,Alyson,O'Mohun,aomohun3s@webmd.com,Female,39.97.46.249
138,Alfonso,Knights,aknights3t@jugem.jp,Female,171.211.160.66
139,Brenden,Wilshaw,bwilshaw3u@4shared.com,Male,203.166.155.201
140,Cynthy,Broadbere,cbroadbere3v@creativecommons.org,Female,34.240.59.27
141,Ingunna,Duesbury,iduesbury3w@last.fm,Bigender,17.0.67.10
142,Rayner,Pidduck,rpidduck3x@yellowbook.com,Male,80.134.201.176
143,Emmi,Goodredge,egoodredge3y@time.com,Female,122.54.208.159
144,Tierney,June,tjune3z@over-blog.com,Female,26.28.104.88
145,Iggie,Lythgoe,ilythgoe40@a8.net,Female,213.58.191.109
146,Arlan,Friday,afriday41@addtoany.com,Male,117.22.28.151
147,Heinrick,Reasce,hreasce42@deviantart.com,Male,120.89.190.15
148,Anna-maria,Ablitt,aablitt43@hud.gov,Male,223.243.75.185
149,Sidoney,Baistow,sbaistow44@ezinearticles.com,Non-binary,197.67.86.233
150,Kimmy,Hann,khann45@aboutads.info,Female,109.212.243.36
151,Doria,Deering,ddeering46@ft.com,Female,161.42.173.90
152,Ryan,Amner,ramner47@behance.net,Female,184.85.91.211
153,Charla,Marjoram,cmarjoram48@about.me,Male,149.48.180.86
154,Dayle,Armal,darmal49@biblegateway.com,Male,141.203.48.142
155,Griz,Spratt,gspratt4a@deliciousdays.com,Male,95.210.27.236
156,Tammie,Barkworth,tbarkworth4b@apache.org,Female,49.225.135.112
157,Maddy,Sadlier,msadlier4c@miibeian.gov.cn,Genderfluid,194.166.38.162
158,Vincents,Melsome,vmelsome4d@marketwatch.com,Male,128.78.121.185
159,Joaquin,Vereker,jvereker4e@nba.com,Female,110.21.159.162
160,Kimble,Blenkiron,kblenkiron4f@accuweather.com,Female,13.71.84.170
161,Appolonia,Lambarton,alambarton4g@mtv.com,Male,54.9.195.222
162,Gorden,Thumim,gthumim4h@deliciousdays.com,Male,60.57.91.27
163,Petrina,Olivo,polivo4i@blogtalkradio.com,Male,118.105.45.20
164,Victor,Osmant,vosmant4j@hexun.com,Male,199.94.132.51
165,Clari,Burtwell,cburtwell4k@washington.edu,Female,20.30.26.238
166,Noam,Tolson,ntolson4l@blogger.com,Male,51.25.22.96
167,Vlad,Garrold,vgarrold4m@blog.com,Female,153.53.188.157
168,Early,Manders,emanders4n@amazon.co.jp,Female,127.254.12.49
169,Tamma,Pledger,tpledger4o@cmu.edu,Female,40.35.61.61
170,Elspeth,Junes,ejunes4p@oakley.com,Male,195.33.183.121
171,Janeen,Treadgear,jtreadgear4q@google.cn,Agender,206.212.230.64
172,Glen,Gurnay,ggurnay4r@behance.net,Female,120.174.235.6
173,Ariadne,Orsay,aorsay4s@wsj.com,Male,161.12.145.102
174,Charmaine,Skittrall,cskittrall4t@craigslist.org,Male,215.84.185.112
175,Avis,Lavallin,alavallin4u@123-reg.co.uk,Female,126.220.201.255
176,Patricia,Restorick,prestorick4v@shinystat.com,Female,32.62.129.179
177,Paxton,Lumm,plumm4w@npr.org,Genderqueer,49.125.201.26
178,Hanni,Gethin,hgethin4x@wikipedia.org,Male,173.188.1.112
179,Katlin,Chilcotte,kchilcotte4y@chron.com,Male,117.243.88.108
180,Glenn,Enion,genion4z@yahoo.co.jp,Female,5.4.8.230
181,Debbie,Lantaph,dlantaph50@ucla.edu,Male,53.119.37.77
182,Blaire,Ruter,bruter51@yellowbook.com,Male,111.104.32.92
183,Madison,Davidovici,mdavidovici52@seattletimes.com,Female,121.184.224.118
184,Glenda,Edgecombe,gedgecombe53@nhs.uk,Female,123.48.8.113
185,Birdie,Mousby,bmousby54@last.fm,Male,100.21.227.159
186,Tansy,Simoens,tsimoens55@cbsnews.com,Female,66.108.153.248
187,Harp,Wohlers,hwohlers56@clickbank.net,Male,40.20.151.174
188,Alyson,Bowich,abowich57@lulu.com,Female,70.188.148.255
189,Seana,Fagg,sfagg58@un.org,Female,184.243.68.53
190,Inessa,Allmen,iallmen59@dot.gov,Female,184.89.198.58
191,Nichols,Jerromes,njerromes5a@cnbc.com,Male,251.128.98.43
192,Dew,Nestoruk,dnestoruk5b@fda.gov,Female,65.124.36.16
193,Berrie,Coonihan,bcoonihan5c@seesaa.net,Female,65.133.91.109
194,George,Sammut,gsammut5d@discovery.com,Male,56.36.84.147
195,Adora,Cyson,acyson5e@msu.edu,Male,219.54.100.227
196,Benedicta,Giacomo,bgiacomo5f@storify.com,Female,166.207.251.145
197,Klarrisa,Fowles,kfowles5g@uol.com.br,Male,74.225.49.157
198,Daffy,Yakobovitz,dyakobovitz5h@intel.com,Male,31.35.58.200
199,Bellanca,Millan,bmillan5i@latimes.com,Male,199.238.6.184
200,Whit,Lewsie,wlewsie5j@indiegogo.com,Female,153.102.53.93
201,Carol-jean,Reedick,creedick5k@about.com,Male,146.108.218.27
202,George,Prescot,gprescot5l@goodreads.com,Genderfluid,222.239.16.231
203,Genni,July,gjuly5m@bloomberg.com,Female,207.185.53.52
204,Benedict,Oxberry,boxberry5n@techcrunch.com,Male,135.141.55.9
205,Vickie,Ellson,vellson5o@google.fr,Female,57.159.126.90
206,Marnia,Cussins,mcussins5p@imgur.com,Female,236.174.18.133
207,Carolyne,Ladd,cladd5q@upenn.edu,Male,5.123.207.155
208,Ingra,Roy,iroy5r@shinystat.com,Male,152.74.16.214
209,Chane,Youll,cyoull5s@statcounter.com,Non-binary,254.238.33.110
210,Berry,Dobrowlski,bdobrowlski5t@facebook.com,Male,179.109.19.118
211,Jaymie,Finlow,jfinlow5u@indiegogo.com,Female,7.69.255.104
212,Briggs,Kincey,bkincey5v@about.me,Male,41.206.112.7
213,Miller,Huxham,mhuxham5w@blogspot.com,Female,74.52.109.27
214,Pollyanna,McCluin,pmccluin5x@slate.com,Male,203.209.3.12
215,Jayne,Corwood,jcorwood5y@yahoo.co.jp,Male,216.69.74.39
216,Ardis,Wolvey,awolvey5z@blinklist.com,Polygender,1.54.155.44
217,Vanni,Moulds,vmoulds60@cdbaby.com,Male,169.78.149.79
218,Orson,Royan,oroyan61@163.com,Female,232.131.112.150
219,Sacha,Le Claire,sleclaire62@paginegialle.it,Male,2.108.9.72
220,Conrado,Counsell,ccounsell63@sakura.ne.jp,Male,231.141.12.216
221,Kylila,De Leek,kdeleek64@flickr.com,Polygender,43.194.46.24
222,Julianna,Cyson,jcyson65@angelfire.com,Female,109.142.60.37
223,Milly,Truett,mtruett66@washingtonpost.com,Male,37.9.108.109
224,Madelon,Brierly,mbrierly67@accuweather.com,Male,95.215.216.149
225,Newton,Wimpress,nwimpress68@posterous.com,Female,59.85.213.254
226,Leonid,Kraut,lkraut69@smugmug.com,Male,184.232.60.16
227,Free,Keighley,fkeighley6a@spotify.com,Male,151.11.8.160
228,Maryanna,Bellenie,mbellenie6b@gnu.org,Female,248.17.165.9
229,Bruis,Cardall,bcardall6c@ocn.ne.jp,Female,23.44.136.115
230,Quintilla,Hansell,qhansell6d@state.tx.us,Male,122.176.48.81
231,Lawton,Klaiser,lklaiser6e@cpanel.net,Male,74.50.247.16
232,Saunder,Meatcher,smeatcher6f@rakuten.co.jp,Female,254.189.38.117
233,Robenia,Dowzell,rdowzell6g@last.fm,Female,236.221.217.35
234,Daniele,Hanigan,dhanigan6h@creativecommons.org,Male,1.166.56.234
235,Chrissy,Klimontovich,cklimontovich6i@technorati.com,Female,108.254.235.202
236,Florinda,Rioch,frioch6j@seesaa.net,Male,206.43.69.45
237,Ted,Cuell,tcuell6k@histats.com,Male,136.9.28.160
238,Roarke,Klimashevich,rklimashevich6l@hostgator.com,Female,67.106.164.194
239,Melissa,Sculpher,msculpher6m@google.co.uk,Genderfluid,249.39.154.84
240,Annmarie,Lopes,alopes6n@springer.com,Male,92.94.92.123
241,Maris,Cattrall,mcattrall6o@altervista.org,Female,163.166.155.46
242,Patricia,Goaks,pgoaks6p@1und1.de,Female,204.42.140.128
243,Patten,Childe,pchilde6q@psu.edu,Male,232.219.142.231
244,Alonso,Goodley,agoodley6r@slideshare.net,Male,68.252.73.219
245,Ivett,Stoakley,istoakley6s@123-reg.co.uk,Female,175.214.52.33
246,Codi,Emmanueli,cemmanueli6t@edublogs.org,Male,221.243.144.42
247,Torin,McCritichie,tmccritichie6u@columbia.edu,Male,241.182.223.71
248,Alethea,Peckham,apeckham6v@woothemes.com,Male,83.3.174.196
249,Dee dee,Scaice,dscaice6w@arizona.edu,Non-binary,212.247.136.115
250,Cirstoforo,Keating,ckeating6x@google.com.br,Polygender,132.239.23.207
251,Rachelle,Guilliland,rguilliland6y@spotify.com,Female,244.175.80.230
252,Emlynne,Bolsover,ebolsover6z@hhs.gov,Genderfluid,65.114.146.16
253,Martyn,Liveing,mliveing70@theguardian.com,Male,43.127.62.149
254,Kara-lynn,Brearton,kbrearton71@noaa.gov,Male,145.159.40.45
255,Shea,Brownill,sbrownill72@berkeley.edu,Female,12.59.150.185
256,Cate,Snaddin,csnaddin73@redcross.org,Male,253.41.148.176
257,Thom,Cleiment,tcleiment74@imageshack.us,Male,221.187.210.147
258,Bernarr,Oliver,boliver75@istockphoto.com,Female,148.199.104.83
259,Traci,Caren,tcaren76@netlog.com,Male,161.84.27.44
260,Mureil,Menico,mmenico77@alexa.com,Female,209.68.182.54
261,Carrie,Rraundl,crraundl78@chron.com,Female,22.80.0.67
262,Allan,Udale,audale79@timesonline.co.uk,Female,9.243.191.188
263,Jacquenette,Clingoe,jclingoe7a@lulu.com,Male,176.87.156.5
264,Lamond,Creeber,lcreeber7b@dyndns.org,Male,211.155.99.64
265,Oralie,Gurry,ogurry7c@bbb.org,Female,212.105.167.126
266,Patrice,Sothcott,psothcott7d@instagram.com,Female,235.218.237.108
267,Stacy,Readhead,sreadhead7e@businesswire.com,Genderfluid,48.246.13.144
268,Briny,Foard,bfoard7f@google.co.uk,Male,76.212.14.22
269,Walliw,Liggons,wliggons7g@usa.gov,Female,162.12.48.67
270,Lon,Berre,lberre7h@mtv.com,Male,185.201.221.134
271,Blanch,Tortice,btortice7i@weather.com,Male,156.56.182.97
272,Daisi,Whittek,dwhittek7j@cargocollective.com,Female,179.249.186.156
273,Aubrey,Ashleigh,aashleigh7k@craigslist.org,Female,167.149.100.200
274,Henka,Esterbrook,hesterbrook7l@apache.org,Female,111.251.163.20
275,Katy,Paish,kpaish7m@networksolutions.com,Male,214.202.82.4
276,Donnajean,Thorowgood,dthorowgood7n@yolasite.com,Genderqueer,212.198.202.208
277,Boycey,Roust,broust7o@mysql.com,Female,47.25.165.101
278,Efrem,Albisser,ealbisser7p@usda.gov,Male,28.33.95.87
279,Jody,Aspling,jaspling7q@behance.net,Female,211.16.8.70
280,Chrissy,Sissot,csissot7r@theglobeandmail.com,Female,31.95.92.248
281,Saudra,Arundale,sarundale7s@acquirethisname.com,Male,79.243.152.170
282,Rene,Raine,rraine7t@flavors.me,Female,123.115.59.59
283,Alyda,Josifovic,ajosifovic7u@illinois.edu,Male,192.27.75.61
284,Jerrold,Gabbatiss,jgabbatiss7v@typepad.com,Male,217.51.44.165
285,Damon,Warbys,dwarbys7w@mediafire.com,Polygender,240.230.6.124
286,Marlena,Amorine,mamorine7x@chron.com,Male,132.161.125.206
287,Cathryn,Churly,cchurly7y@aol.com,Male,173.248.83.94
288,Philip,Diggles,pdiggles7z@businessinsider.com,Male,72.1.212.19
289,Ferdinande,Batkin,fbatkin80@instagram.com,Male,26.246.220.231
290,Geri,Christol,gchristol81@woothemes.com,Male,64.210.70.140
291,Tobiah,Anthonies,tanthonies82@amazon.co.uk,Male,49.200.239.163
292,Marilyn,Marconi,mmarconi83@salon.com,Female,84.201.239.133
293,Burnaby,Scotchmur,bscotchmur84@apple.com,Genderfluid,121.179.251.155
294,Ulla,Noone,unoone85@yellowbook.com,Female,191.235.74.229
295,Berenice,Klaes,bklaes86@usgs.gov,Male,86.80.151.24
296,Rubin,Purdy,rpurdy87@canalblog.com,Male,163.175.234.46
297,Marline,Godthaab,mgodthaab88@baidu.com,Male,64.37.188.207
298,Bastien,Meeson,bmeeson89@icq.com,Non-binary,229.109.176.147
299,Marrilee,Kirmond,mkirmond8a@barnesandnoble.com,Female,100.108.130.106
300,Paul,Daburn,pdaburn8b@shareasale.com,Male,197.10.10.121
301,Asa,Yesenev,ayesenev8c@yellowpages.com,Genderqueer,97.240.33.99
302,Jose,Donovin,jdonovin8d@taobao.com,Male,13.162.232.51
303,Editha,Colwill,ecolwill8e@house.gov,Male,127.20.186.220
304,Ennis,Tiller,etiller8f@vkontakte.ru,Female,179.89.198.252
305,Augusta,Lambertson,alambertson8g@netlog.com,Female,43.192.152.197
306,Delphine,Konneke,dkonneke8h@cocolog-nifty.com,Female,18.3.100.204
307,Gweneth,Carles,gcarles8i@csmonitor.com,Agender,121.255.220.120
308,Lurleen,Duffin,lduffin8j@gizmodo.com,Male,135.167.113.64
309,Beitris,Wrotchford,bwrotchford8k@so-net.ne.jp,Female,113.65.13.102
310,Katina,Pilgram,kpilgram8l@tmall.com,Male,42.33.47.80
311,Engracia,Rowling,erowling8m@usatoday.com,Female,86.186.89.22
312,Stephen,Sproston,ssproston8n@pagesperso-orange.fr,Female,183.127.68.72
313,Jorge,Dalligan,jdalligan8o@over-blog.com,Male,214.116.136.121
314,Rubia,Ambrus,rambrus8p@cyberchimps.com,Female,11.71.178.194
315,Raddy,Pyser,rpyser8q@comsenz.com,Polygender,83.39.228.242
316,Artie,Lacroutz,alacroutz8r@hc360.com,Female,120.200.1.225
317,Randy,Mold,rmold8s@360.cn,Female,246.223.139.149
318,Bary,Busen,bbusen8t@slideshare.net,Male,141.4.60.6
319,Cass,Colliard,ccolliard8u@multiply.com,Female,12.142.232.39
320,Toddy,Goldman,tgoldman8v@paginegialle.it,Male,90.199.77.94
321,Giacobo,Karlicek,gkarlicek8w@si.edu,Female,70.208.159.223
322,Beryle,Rozycki,brozycki8x@constantcontact.com,Female,31.86.155.249
323,Johannes,Curling,jcurling8y@slate.com,Male,18.56.9.144
324,Natala,Hallsworth,nhallsworth8z@google.com.br,Male,206.155.232.162
325,Wylie,Rykert,wrykert90@qq.com,Female,162.38.75.85
326,Theodore,Binnes,tbinnes91@mozilla.org,Male,247.131.75.53
327,Dante,Weinmann,dweinmann92@google.it,Male,237.99.157.115
328,Carce,Solleme,csolleme93@guardian.co.uk,Female,149.229.1.73
329,Garey,Lampard,glampard94@skype.com,Male,68.121.220.184
330,Ryann,Leonardi,rleonardi95@addthis.com,Male,148.161.174.142
331,Karrah,Dignall,kdignall96@com.com,Female,79.110.222.143
332,Elsworth,Verrico,everrico97@github.io,Female,184.100.134.100
333,Allison,Macia,amacia98@wiley.com,Male,155.48.212.5
334,Emelina,Oosthout de Vree,eoosthoutdevree99@unc.edu,Male,222.199.13.148
335,Jillane,Lascelles,jlascelles9a@homestead.com,Female,243.225.34.56
336,Jessika,Musk,jmusk9b@patch.com,Male,159.14.226.187
337,Antonio,Liptrod,aliptrod9c@elpais.com,Male,30.177.145.136
338,Frasier,Danat,fdanat9d@samsung.com,Male,161.238.239.156
339,Curtis,Simcox,csimcox9e@usnews.com,Female,232.65.46.50
340,Hamel,Beddingham,hbeddingham9f@prlog.org,Male,140.18.15.171
341,Roderick,Klaiser,rklaiser9g@princeton.edu,Female,98.33.139.215
342,Dario,Tinniswood,dtinniswood9h@desdev.cn,Female,47.72.11.29
343,Felita,Saben,fsaben9i@columbia.edu,Female,216.150.70.60
344,Julio,Broadley,jbroadley9j@eventbrite.com,Female,30.255.107.40
345,Clevey,Kupis,ckupis9k@indiatimes.com,Female,25.190.45.116
346,Bernadine,Abrahams,babrahams9l@mtv.com,Female,62.81.12.244
347,Dorene,Wakelam,dwakelam9m@dot.gov,Male,210.254.207.198
348,Lonni,Gentle,lgentle9n@slashdot.org,Female,227.134.220.180
349,Edith,Williamson,ewilliamson9o@edublogs.org,Female,75.70.8.186
350,Brock,O'Cosgra,bocosgra9p@google.co.jp,Male,92.64.96.107
351,Antoine,Conibeer,aconibeer9q@jimdo.com,Female,225.56.129.11
352,Emera,Feaveer,efeaveer9r@bizjournals.com,Male,49.151.179.188
353,Frederich,Pauletti,fpauletti9s@ameblo.jp,Female,119.81.135.237
354,Malvina,Saddington,msaddington9t@indiatimes.com,Female,77.233.163.233
355,Ofelia,Syne,osyne9u@youtu.be,Male,212.150.97.33
356,Kaylee,Michelmore,kmichelmore9v@ft.com,Male,80.92.178.129
357,Debor,Aymerich,daymerich9w@godaddy.com,Male,71.7.248.165
358,Kahlil,Boyn,kboyn9x@tinyurl.com,Female,248.248.197.167
359,Bethena,Stolle,bstolle9y@domainmarket.com,Bigender,235.241.77.120
360,Rochette,Gollard,rgollard9z@odnoklassniki.ru,Female,1.56.252.137
361,Ade,Ianno,aiannoa0@sourceforge.net,Male,98.132.116.223
362,Ed,Shingfield,eshingfielda1@berkeley.edu,Male,151.48.198.27
363,Osborn,Aldie,oaldiea2@a8.net,Male,39.112.114.239
364,Jade,Vellden,jvelldena3@cyberchimps.com,Male,169.116.79.142
365,Normy,McGarrell,nmcgarrella4@slate.com,Female,93.28.192.74
366,Fredrika,Lownsbrough,flownsbrougha5@businesswire.com,Female,23.30.64.27
367,Fancie,Doerr,fdoerra6@vk.com,Female,48.132.252.27
368,Loren,Falvey,lfalveya7@cloudflare.com,Female,236.64.161.36
369,Moria,Hannigane,mhanniganea8@nifty.com,Female,236.124.3.198
370,Denys,Beckhurst,dbeckhursta9@amazon.co.uk,Female,223.149.252.65
371,Kristoforo,Nelthorp,knelthorpaa@google.com.br,Agender,217.85.203.235
372,Teena,Tugman,ttugmanab@amazonaws.com,Female,39.198.104.205
373,Anthea,McSweeney,amcsweeneyac@un.org,Female,21.118.153.140
374,Burgess,Samet,bsametad@google.com.br,Male,139.114.198.10
375,Beilul,Taunton.,btauntonae@unc.edu,Male,84.102.99.87
376,Hyacinthie,Paudin,hpaudinaf@ezinearticles.com,Male,30.128.203.131
377,Jesus,Grabbam,jgrabbamag@eepurl.com,Female,255.180.243.158
378,Gui,Duhig,gduhigah@aol.com,Male,179.200.241.55
379,Rochester,Robison,rrobisonai@themeforest.net,Female,4.134.26.146
380,Gizela,Double,gdoubleaj@diigo.com,Male,157.178.149.112
381,Albina,Gudeman,agudemanak@cbc.ca,Female,99.63.88.212
382,Stevena,Wines,swinesal@macromedia.com,Male,99.159.252.0
383,Lorens,Gepp,lgeppam@rediff.com,Male,15.222.139.180
384,Carissa,Karlmann,ckarlmannan@sitemeter.com,Genderfluid,214.67.165.247
385,Pippy,Gourlie,pgourlieao@about.me,Male,86.176.145.111
386,Karlis,Gauntlett,kgauntlettap@google.it,Female,155.223.181.72
387,Lauree,Hansod,lhansodaq@pen.io,Male,197.71.107.222
388,Rubia,Gethin,rgethinar@twitpic.com,Female,201.13.229.188
389,Essie,Savins,esavinsas@miibeian.gov.cn,Male,146.55.220.217
390,Luci,Risborough,lrisboroughat@tmall.com,Female,232.71.178.63
391,Omero,Craigmile,ocraigmileau@networkadvertising.org,Female,6.189.154.122
392,Harrietta,Lias,hliasav@unesco.org,Bigender,62.60.216.177
393,Dehlia,Hindhaugh,dhindhaughaw@google.fr,Female,88.167.204.130
394,Bertie,Ottewill,bottewillax@nationalgeographic.com,Male,118.231.111.226
395,Crystal,Bryan,cbryanay@fotki.com,Female,27.180.205.121
396,Carleen,Creyke,ccreykeaz@wiley.com,Female,141.6.75.15
397,Desmond,Crace,dcraceb0@ameblo.jp,Female,24.30.57.101
398,Carlin,Howes,chowesb1@webeden.co.uk,Male,157.162.40.69
399,Ronny,Ovington,rovingtonb2@arizona.edu,Male,113.35.195.135
400,Jerrine,Hayer,jhayerb3@businessweek.com,Female,124.222.10.168
401,Sascha,Neiland,sneilandb4@bandcamp.com,Female,39.180.95.221
402,Reginald,Grob,rgrobb5@imgur.com,Female,194.205.114.217
403,Stan,Surgeoner,ssurgeonerb6@dailymail.co.uk,Male,218.108.159.214
404,Wood,Coweuppe,wcoweuppeb7@webs.com,Female,157.38.210.138
405,Leola,Twelves,ltwelvesb8@opera.com,Female,201.32.172.64
406,Orlan,Bosch,oboschb9@360.cn,Female,213.68.159.230
407,Dougy,Varga,dvargaba@imageshack.us,Female,45.222.151.150
408,Eduardo,Pepper,epepperbb@barnesandnoble.com,Male,88.21.169.59
409,Barbette,Vaune,bvaunebc@japanpost.jp,Agender,209.95.138.177
410,Damian,Carnaman,dcarnamanbd@ft.com,Female,214.63.160.213
411,Darline,Wivell,dwivellbe@spotify.com,Female,60.90.75.64
412,Sascha,Apfelmann,sapfelmannbf@vinaora.com,Female,109.209.239.176
413,Toni,Celes,tcelesbg@nhs.uk,Male,87.93.205.5
414,Lanie,Dunsford,ldunsfordbh@facebook.com,Male,158.126.179.42
415,Wake,Lenoir,wlenoirbi@dmoz.org,Female,77.196.221.206
416,Ruddy,Mossom,rmossombj@state.tx.us,Male,231.72.134.22
417,Leanor,Cram,lcrambk@howstuffworks.com,Male,138.118.105.93
418,Boyd,Martello,bmartellobl@answers.com,Male,43.248.77.203
419,Brittaney,Carillo,bcarillobm@discovery.com,Female,3.26.206.154
420,Ketty,Mawdsley,kmawdsleybn@wp.com,Male,148.12.130.148
421,Fulvia,Lawless,flawlessbo@accuweather.com,Male,1.213.1.24
422,Corene,Lill,clillbp@amazon.co.jp,Polygender,93.209.38.186
423,Elyn,Tunny,etunnybq@blogtalkradio.com,Agender,165.204.41.138
424,Reinold,Caulket,rcaulketbr@dell.com,Female,220.93.12.71
425,Corri,Doran,cdoranbs@hc360.com,Male,124.22.193.188
426,Axe,Aslen,aaslenbt@google.ca,Male,24.85.62.199
427,Martie,Ezzle,mezzlebu@dropbox.com,Male,66.114.155.32
428,Korey,Mapham,kmaphambv@hugedomains.com,Female,244.230.36.190
429,Florette,Shard,fshardbw@cdc.gov,Female,170.66.32.189
430,Brigitta,Nice,bnicebx@rambler.ru,Female,171.114.179.223
431,Cherin,Binton,cbintonby@bing.com,Male,207.3.76.111
432,Garrik,Grieger,ggriegerbz@kickstarter.com,Male,7.177.129.139
433,Sheena,Minear,sminearc0@nifty.com,Female,248.67.137.89
434,Jana,Dyble,jdyblec1@jigsy.com,Female,45.226.48.36
435,Cele,Pacquet,cpacquetc2@plala.or.jp,Male,147.197.243.171
436,Katherine,Howgill,khowgillc3@yahoo.co.jp,Male,216.252.30.128
437,Gilbertine,Hallatt,ghallattc4@about.com,Male,168.61.48.99
438,Rocky,Drable,rdrablec5@springer.com,Male,202.64.131.168
439,Leda,Garter,lgarterc6@bigcartel.com,Polygender,116.171.88.210
440,Tobin,Blowfield,tblowfieldc7@java.com,Female,125.166.70.119
441,Jourdan,Scholcroft,jscholcroftc8@yellowbook.com,Male,224.11.104.195
442,Gearard,Trevino,gtrevinoc9@sitemeter.com,Male,79.176.3.46
443,Pandora,Salzen,psalzenca@microsoft.com,Female,164.211.93.188
444,Constanta,Woodfield,cwoodfieldcb@google.de,Female,185.32.157.186
445,Jazmin,La Padula,jlapadulacc@apple.com,Male,151.26.133.137
446,Sancho,Fass,sfasscd@independent.co.uk,Bigender,190.139.229.249
447,Ashleigh,Gowler,agowlerce@digg.com,Male,184.40.219.132
448,Francyne,Hitzschke,fhitzschkecf@buzzfeed.com,Female,201.254.49.106
449,Trisha,Andrea,tandreacg@apple.com,Female,110.96.111.44
450,Pammie,Aleksic,paleksicch@bandcamp.com,Female,162.104.176.158
451,Jake,Chippindall,jchippindallci@wiley.com,Male,0.86.191.133
452,Adelind,Cuddy,acuddycj@flavors.me,Male,202.117.98.215
453,Domenico,Thirtle,dthirtleck@istockphoto.com,Female,7.11.3.196
454,Othelia,Mattiato,omattiatocl@state.gov,Male,228.234.54.246
455,Benji,Sapey,bsapeycm@foxnews.com,Female,26.160.161.169
456,Crista,Clothier,cclothiercn@qq.com,Female,194.77.31.40
457,Shepperd,Dougherty,sdoughertyco@godaddy.com,Male,239.107.49.171
458,Roselle,Radleigh,rradleighcp@macromedia.com,Female,25.174.66.182
459,Tierney,Bert,tbertcq@hibu.com,Male,42.51.210.68
460,Kerrie,Bembrigg,kbembriggcr@surveymonkey.com,Female,123.183.57.201
461,Kristin,Eckels,keckelscs@taobao.com,Male,202.139.238.137
462,Massimo,Bengtsson,mbengtssonct@youtu.be,Female,130.189.62.123
463,Nissy,Gruczka,ngruczkacu@reddit.com,Male,164.144.131.223
464,Marita,Elven,melvencv@gravatar.com,Female,127.149.121.200
465,Jojo,Alvarez,jalvarezcw@smugmug.com,Non-binary,89.172.134.210
466,Magdaia,Vela,mvelacx@nyu.edu,Male,59.214.152.108
467,Curtice,M'Quhan,cmquhancy@angelfire.com,Female,214.185.166.186
468,Kelly,Akhurst,kakhurstcz@sbwire.com,Male,201.69.84.65
469,Caril,Chantrell,cchantrelld0@imdb.com,Genderqueer,74.116.159.149
470,Cynthia,Smitherman,csmithermand1@google.com,Female,39.239.93.28
471,Marillin,Mixture,mmixtured2@deviantart.com,Female,82.81.138.187
472,Marjy,Spirritt,mspirrittd3@dion.ne.jp,Male,121.186.52.120
473,Jackqueline,Burger,jburgerd4@cbsnews.com,Male,140.87.74.36
474,Mabelle,Stanyland,mstanylandd5@purevolume.com,Male,133.118.109.112
475,Stesha,Spridgeon,sspridgeond6@freewebs.com,Male,151.9.152.208
476,Aleece,Debold,adeboldd7@tamu.edu,Male,144.245.186.221
477,Dominic,Bonson,dbonsond8@exblog.jp,Female,65.8.105.139
478,Cynde,Atley,catleyd9@nps.gov,Female,160.213.162.192
479,Judas,Salvin,jsalvinda@wikimedia.org,Female,220.140.238.167
480,Fair,Macken,fmackendb@seesaa.net,Male,177.174.192.184
481,Davon,Willetts,dwillettsdc@rakuten.co.jp,Female,180.129.154.128
482,Barbra,Sabin,bsabindd@icq.com,Female,105.216.56.62
483,Nicol,Bernardeschi,nbernardeschide@cyberchimps.com,Male,57.81.232.163
484,Anjela,Wyvill,awyvilldf@walmart.com,Female,253.71.15.47
485,Gaven,O'Codihie,gocodihiedg@wikispaces.com,Female,134.62.30.220
486,Darb,Ledstone,dledstonedh@adobe.com,Female,33.27.118.193
487,Rozele,St Pierre,rstpierredi@princeton.edu,Female,145.25.63.102
488,Noe,Cashford,ncashforddj@webmd.com,Female,62.5.185.71
489,Dyann,Kinnett,dkinnettdk@cloudflare.com,Female,149.78.135.232
490,Desmond,Drewet,ddrewetdl@sun.com,Female,140.81.186.26
491,Aurel,Innman,ainnmandm@xinhuanet.com,Polygender,73.38.196.77
492,Florance,Brewin,fbrewindn@freewebs.com,Male,168.201.109.43
493,Alvera,Stud,astuddo@ning.com,Male,14.53.76.47
494,Maurita,Isbell,misbelldp@sina.com.cn,Male,88.168.63.107
495,Sylas,Cotterill,scotterilldq@tinypic.com,Female,3.227.51.129
496,Rozamond,Bengefield,rbengefielddr@europa.eu,Female,148.187.154.160
497,Vanda,Gitthouse,vgitthouseds@amazon.co.uk,Male,204.180.143.242
498,Wylma,Risbrough,wrisbroughdt@desdev.cn,Male,43.235.195.50
499,Agretha,Godsafe,agodsafedu@slate.com,Female,181.91.227.153
500,Donnell,Garie,dgariedv@mit.edu,Female,56.113.100.58
501,Neil,Hance,nhancedw@noaa.gov,Male,168.87.75.4
502,Gerianne,Noyce,gnoycedx@jiathis.com,Female,223.68.92.36
503,Koral,Hawkes,khawkesdy@posterous.com,Female,1.98.36.151
504,Caprice,Sainte Paul,csaintepauldz@blinklist.com,Female,35.43.141.146
505,Danette,McGeachy,dmcgeachye0@dmoz.org,Female,177.133.169.59
506,Mercy,Matantsev,mmatantseve1@tripod.com,Male,126.207.232.206
507,Armando,Boys,aboyse2@businessinsider.com,Male,201.195.59.214
508,Eli,Ballam,eballame3@tiny.cc,Male,94.156.107.6
509,Tamarah,Episcopi,tepiscopie4@bbc.co.uk,Male,176.182.102.222
510,Abigail,Foxten,afoxtene5@economist.com,Non-binary,150.211.89.34
511,Selie,Vaughton,svaughtone6@aol.com,Male,251.15.145.14
512,Edy,Scimone,escimonee7@skyrock.com,Male,186.5.244.123
513,Kellsie,Geal,kgeale8@oaic.gov.au,Male,233.149.104.146
514,Moore,Soulsby,msoulsbye9@trellian.com,Male,202.190.228.56
515,Aguie,Olech,aolechea@g.co,Male,136.25.223.104
516,Fania,Nears,fnearseb@ftc.gov,Male,106.211.41.231
517,Elberta,Brecon,ebreconec@cnet.com,Male,39.83.169.254
518,Paxton,De Atta,pdeattaed@patch.com,Male,164.129.75.61
519,Tallie,McInally,tmcinallyee@newsvine.com,Male,190.253.44.154
520,Sandie,Harrad,sharradef@comsenz.com,Female,123.158.82.86
521,Bertina,Grigorey,bgrigoreyeg@foxnews.com,Male,188.189.69.109
522,Cristy,Roughley,croughleyeh@marketwatch.com,Female,251.59.120.133
523,Calla,Philippard,cphilippardei@wikipedia.org,Female,215.62.8.121
524,Natalie,Fink,nfinkej@netlog.com,Agender,88.144.195.17
525,Debi,Zellmer,dzellmerek@gmpg.org,Female,58.48.77.29
526,Quinton,Jennaroy,qjennaroyel@who.int,Female,183.176.155.215
527,Dorice,Jadczak,djadczakem@networkadvertising.org,Male,207.31.94.245
528,Hunter,Longega,hlongegaen@bravesites.com,Female,139.80.18.126
529,Justis,Kock,jkockeo@shutterfly.com,Female,174.111.166.44
530,Buffy,Paulusch,bpauluschep@stumbleupon.com,Female,124.73.146.254
531,Ivette,Red,iredeq@webeden.co.uk,Female,187.225.190.170
532,Dulcinea,Bilbee,dbilbeeer@naver.com,Male,192.113.230.134
533,Nonna,Ardling,nardlinges@wisc.edu,Female,162.18.62.6
534,Berrie,Mountfort,bmountfortet@geocities.jp,Male,114.187.114.60
535,Gussie,Deare,gdeareeu@amazon.com,Male,140.203.176.191
536,Tammy,Leeves,tleevesev@samsung.com,Female,66.93.233.33
537,Grantham,Handlin,ghandlinew@oakley.com,Male,161.142.117.136
538,Rollie,Weddeburn,rweddeburnex@arstechnica.com,Female,168.117.142.251
539,Arliene,Burghall,aburghalley@state.tx.us,Agender,153.246.185.4
540,Osbourne,Hunston,ohunstonez@google.co.jp,Male,158.143.39.234
541,Molly,Sandeman,msandemanf0@123-reg.co.uk,Male,69.18.122.82
542,Mollie,Didball,mdidballf1@icio.us,Female,38.14.122.22
543,Dorita,Foresight,dforesightf2@hao123.com,Female,63.61.46.94
544,Elihu,Knatt,eknattf3@macromedia.com,Male,126.60.231.43
545,Earlie,Tenwick,etenwickf4@diigo.com,Male,2.150.34.16
546,Rube,Demicoli,rdemicolif5@so-net.ne.jp,Female,138.175.239.25
547,Harmon,Shelvey,hshelveyf6@guardian.co.uk,Female,195.113.200.132
548,Zara,Shakesbye,zshakesbyef7@yahoo.com,Male,250.159.208.133
549,Poppy,Peto,ppetof8@amazonaws.com,Female,109.50.102.101
550,Silvano,Corbridge,scorbridgef9@craigslist.org,Female,89.252.202.11
551,Jacinthe,Scones,jsconesfa@desdev.cn,Non-binary,83.108.212.76
552,Neils,Domingues,ndominguesfb@ebay.com,Male,196.158.143.29
553,Bertie,Breckon,bbreckonfc@columbia.edu,Female,151.32.57.140
554,Ella,Neathway,eneathwayfd@angelfire.com,Female,253.102.170.22
555,Micheal,Collins,mcollinsfe@g.co,Male,250.88.161.191
556,Miller,Merryfield,mmerryfieldff@twitpic.com,Bigender,222.188.20.105
557,Dyna,O'Henecan,dohenecanfg@redcross.org,Male,215.99.117.107
558,Bertha,Kibbe,bkibbefh@goodreads.com,Female,122.75.0.6
559,Ashton,Daout,adaoutfi@narod.ru,Agender,19.134.243.25
560,Sioux,Keoghan,skeoghanfj@4shared.com,Female,101.242.52.27
561,Lonny,Sweedland,lsweedlandfk@tuttocitta.it,Male,113.250.4.168
562,Phil,Gras,pgrasfl@va.gov,Female,81.160.84.174
563,Ernestus,Leigh,eleighfm@pinterest.com,Male,16.6.102.35
564,Shandee,Brewers,sbrewersfn@vistaprint.com,Male,26.104.222.69
565,Winny,Cawkill,wcawkillfo@furl.net,Female,23.199.169.21
566,Evyn,Ludye,eludyefp@godaddy.com,Female,91.113.11.181
567,Ase,Wylder,awylderfq@springer.com,Female,238.160.191.7
568,Bob,Guillet,bguilletfr@comcast.net,Male,223.143.61.233
569,Mercedes,Setterfield,msetterfieldfs@wufoo.com,Female,235.79.206.53
570,Kata,Chatan,kchatanft@upenn.edu,Female,24.67.161.41
571,Peirce,Lumbley,plumbleyfu@is.gd,Female,240.58.149.106
572,Elise,Longworth,elongworthfv@cdbaby.com,Female,101.215.163.174
573,Carlen,Orrom,corromfw@hexun.com,Female,13.170.254.215
574,Stirling,Aleksankov,saleksankovfx@ihg.com,Male,212.248.14.60
575,Sanson,Euler,seulerfy@sakura.ne.jp,Male,60.134.81.83
576,Sharron,Morecomb,smorecombfz@delicious.com,Female,235.5.104.7
577,Ardeen,Gianni,agiannig0@ft.com,Male,39.237.224.209
578,Kelvin,Lukovic,klukovicg1@wsj.com,Male,12.57.104.207
579,Bobine,Penley,bpenleyg2@simplemachines.org,Male,10.52.234.249
580,Myer,Dellenbroker,mdellenbrokerg3@paypal.com,Female,123.67.136.163
581,Georgena,Malec,gmalecg4@domainmarket.com,Male,59.67.162.131
582,Tedmund,Test,ttestg5@altervista.org,Polygender,26.246.172.64
583,Quinta,Mounch,qmounchg6@bluehost.com,Male,243.53.9.82
584,Findley,Dafydd,fdafyddg7@addtoany.com,Male,80.176.140.49
585,Gerrilee,Lambrecht,glambrechtg8@devhub.com,Male,41.170.162.213
586,Fifi,Klaggeman,fklaggemang9@networkadvertising.org,Female,102.51.171.94
587,Gib,Egleton,gegletonga@ibm.com,Female,103.64.72.135
588,Alysia,Bliben,ablibengb@home.pl,Female,224.43.129.21
589,Ivan,Grief,igriefgc@i2i.jp,Male,1.253.105.136
590,Jean,Halfacre,jhalfacregd@un.org,Male,209.190.86.175
591,Giselbert,Waggett,gwaggettge@barnesandnoble.com,Male,77.59.128.123
592,Judye,Surgen,jsurgengf@wp.com,Female,177.112.203.83
593,Rosabel,Sherbourne,rsherbournegg@netscape.com,Non-binary,130.53.34.67
594,Niccolo,Wivell,nwivellgh@house.gov,Female,173.235.109.177
595,Carlo,Paffley,cpaffleygi@xing.com,Female,190.123.116.239
596,Greer,Jezzard,gjezzardgj@sphinn.com,Male,138.210.181.228
597,Clarke,Lindup,clindupgk@admin.ch,Male,94.104.232.231
598,Tiffany,Ebsworth,tebsworthgl@networksolutions.com,Female,174.83.178.31
599,Goober,Hallam,ghallamgm@columbia.edu,Female,32.145.121.211
600,Amye,St Ledger,astledgergn@sogou.com,Male,89.108.64.215
601,Kin,Carsberg,kcarsberggo@apple.com,Female,98.200.126.133
602,Kirbee,Januszkiewicz,kjanuszkiewiczgp@foxnews.com,Female,238.123.136.13
603,Arluene,Penddreth,apenddrethgq@opensource.org,Polygender,182.161.193.75
604,Mireille,Broz,mbrozgr@theglobeandmail.com,Female,218.112.96.167
605,Freddy,Grinstead,fgrinsteadgs@fda.gov,Male,88.227.24.134
606,Berkly,Blowes,bblowesgt@ameblo.jp,Female,22.151.187.178
607,Hayes,Toma,htomagu@marriott.com,Male,94.233.69.192
608,Norene,Curl,ncurlgv@craigslist.org,Male,175.107.186.53
609,Ami,Cosgrove,acosgrovegw@microsoft.com,Male,0.64.159.131
610,Alexis,Sayer,asayergx@cnn.com,Male,94.40.174.3
611,Berkly,Gainforth,bgainforthgy@blog.com,Male,49.123.212.158
612,Sanson,MacCaig,smaccaiggz@purevolume.com,Male,193.134.34.16
613,Bonni,Callam,bcallamh0@cocolog-nifty.com,Female,144.245.48.92
614,Dukie,Laible,dlaibleh1@uiuc.edu,Female,125.226.236.112
615,Jay,Mannagh,jmannaghh2@wordpress.org,Female,101.63.239.52
616,Lyndel,Swindells,lswindellsh3@yahoo.com,Male,68.63.198.249
617,Mannie,Winchurst,mwinchursth4@shutterfly.com,Male,162.242.6.6
618,Ceciley,Ingall,cingallh5@last.fm,Female,71.210.254.253
619,Correy,Alliband,callibandh6@digg.com,Bigender,195.225.170.241
620,Bonnee,Hillam,bhillamh7@netscape.com,Male,229.158.19.20
621,Isidor,Fresson,ifressonh8@weather.com,Male,19.59.236.39
622,Terese,Atto,tattoh9@state.tx.us,Female,6.225.171.66
623,Reuben,Necrews,rnecrewsha@myspace.com,Male,250.61.83.58
624,Oriana,Mewburn,omewburnhb@yolasite.com,Female,106.134.110.219
625,Clarissa,Gouldstone,cgouldstonehc@wix.com,Genderfluid,41.46.149.87
626,Mandy,Rotge,mrotgehd@vk.com,Male,176.73.254.229
627,Zaria,Macrae,zmacraehe@shop-pro.jp,Male,211.50.243.166
628,Theda,Alldre,talldrehf@arstechnica.com,Female,103.62.146.76
629,Lanny,Ruddle,lruddlehg@cornell.edu,Female,215.186.90.234
630,Modestia,Sherman,mshermanhh@discovery.com,Female,147.66.57.218
631,Fionnula,Pimlock,fpimlockhi@uiuc.edu,Female,14.178.57.80
632,Shelley,Ameer-Beg,sameerbeghj@amazonaws.com,Female,185.57.139.98
633,Shepperd,Densham,sdenshamhk@imdb.com,Female,25.130.29.12
634,Shalom,Claydon,sclaydonhl@reddit.com,Male,55.230.124.67
635,Chevalier,Plott,cplotthm@google.de,Female,104.157.216.30
636,Angelika,Bouller,aboullerhn@posterous.com,Female,66.199.48.36
637,Nathanil,Hellwig,nhellwigho@sakura.ne.jp,Female,153.180.158.230
638,Mathian,Lewins,mlewinshp@si.edu,Non-binary,29.33.77.186
639,Katrinka,de Leon,kdeleonhq@prlog.org,Genderfluid,207.15.22.201
640,Chelsea,Lansley,clansleyhr@apple.com,Male,64.82.183.1
641,Ethelbert,Loveland,elovelandhs@omniture.com,Genderfluid,35.105.240.27
642,Violet,Gerrietz,vgerrietzht@mapy.cz,Female,78.142.1.69
643,Valentine,Cracknell,vcracknellhu@ucoz.com,Male,218.150.214.184
644,Nance,Joel,njoelhv@slashdot.org,Female,74.3.239.109
645,Brittni,Woodland,bwoodlandhw@so-net.ne.jp,Male,94.69.86.234
646,Bryant,Mantrip,bmantriphx@sfgate.com,Male,0.26.130.180
647,Chancey,Matthisson,cmatthissonhy@auda.org.au,Male,243.91.175.105
648,Michelle,Wrangle,mwranglehz@jimdo.com,Bigender,207.129.229.171
649,Augie,Allday,aalldayi0@loc.gov,Male,34.166.95.156
650,Ginnie,Neylan,gneylani1@yellowpages.com,Male,17.24.108.241
651,Pincas,Summerhayes,psummerhayesi2@goo.ne.jp,Male,77.16.183.92
652,Benni,Sievewright,bsievewrighti3@macromedia.com,Male,210.7.238.6
653,Melisse,Durrell,mdurrelli4@icq.com,Male,189.14.250.10
654,Marcelle,Jeannin,mjeannini5@flickr.com,Female,184.146.51.2
655,Anita,Murrigan,amurrigani6@usa.gov,Male,250.167.179.205
656,Kore,Dugood,kdugoodi7@goo.gl,Male,98.247.163.134
657,Patrizia,MacGuiness,pmacguinessi8@bandcamp.com,Female,155.87.15.240
658,Theresita,Roiz,troizi9@miibeian.gov.cn,Female,88.35.177.34
659,Nerissa,Fetteplace,nfetteplaceia@nhs.uk,Male,60.235.140.119
660,Zachery,Densumbe,zdensumbeib@npr.org,Female,155.161.207.186
661,Jillian,Start,jstartic@sohu.com,Female,109.220.225.21
662,Farlie,Gehrtz,fgehrtzid@photobucket.com,Female,212.101.175.50
663,Cordey,Backson,cbacksonie@meetup.com,Female,228.15.195.149
664,Antonin,Adair,aadairif@columbia.edu,Female,233.209.186.255
665,Petronella,McIlheran,pmcilheranig@prnewswire.com,Male,53.83.136.49
666,Harry,De Luna,hdelunaih@oaic.gov.au,Male,184.84.0.160
667,Ephrem,Hanaford,ehanafordii@tripod.com,Male,84.146.242.80
668,Melania,Jon,mjonij@4shared.com,Female,242.173.134.118
669,Padraig,Dahlback,pdahlbackik@ustream.tv,Bigender,96.65.150.78
670,Meredith,Yousef,myousefil@independent.co.uk,Female,233.210.121.229
671,Janene,Snadden,jsnaddenim@ucoz.com,Female,11.153.190.232
672,Hillery,Bradman,hbradmanin@house.gov,Female,174.123.95.66
673,Brandie,Agostini,bagostiniio@4shared.com,Male,187.235.215.113
674,Carrie,Chamberlain,cchamberlainip@usgs.gov,Female,13.41.89.43
675,Pooh,Gerholz,pgerholziq@imdb.com,Female,127.201.46.109
676,Rollo,Ion,rionir@answers.com,Male,105.185.107.213
677,Estele,Petera,epeterais@paginegialle.it,Female,60.196.101.150
678,Dougie,Pegden,dpegdenit@furl.net,Female,66.91.53.156
679,Theo,Trosdall,ttrosdalliu@wikia.com,Female,243.42.23.218
680,Rey,Mellmoth,rmellmothiv@fda.gov,Female,35.188.252.157
681,Derby,Kolak,dkolakiw@zdnet.com,Male,156.223.104.143
682,Bobbi,Skahill,bskahillix@com.com,Male,93.238.252.161
683,Abbey,Broggelli,abroggelliiy@sciencedirect.com,Non-binary,50.37.14.16
684,Jeanie,Pashley,jpashleyiz@netlog.com,Male,3.83.99.107
685,Garth,Dugue,gduguej0@dion.ne.jp,Male,192.88.240.88
686,Shaina,Linthead,slintheadj1@cornell.edu,Male,56.10.191.183
687,Marley,Connold,mconnoldj2@themeforest.net,Agender,52.205.112.233
688,Quintin,Sterman,qstermanj3@ox.ac.uk,Female,47.239.28.190
689,Dorothea,Willisch,dwillischj4@yale.edu,Non-binary,221.56.11.87
690,Millisent,Koppens,mkoppensj5@cargocollective.com,Male,26.127.190.106
691,Fletch,Caunter,fcaunterj6@hao123.com,Female,1.208.149.70
692,Stanly,Farris,sfarrisj7@github.com,Female,81.177.215.135
693,Far,Gorton,fgortonj8@opera.com,Male,63.232.24.165
694,Noby,Mounsey,nmounseyj9@nih.gov,Polygender,247.246.60.241
695,Obadiah,Millions,omillionsja@virginia.edu,Male,183.160.20.233
696,Matias,Vedyashkin,mvedyashkinjb@oakley.com,Female,220.162.29.232
697,Tad,Tortis,ttortisjc@vk.com,Agender,23.166.90.102
698,Shea,Coggins,scogginsjd@yale.edu,Female,39.13.74.99
699,Bron,Windebank,bwindebankje@amazonaws.com,Male,137.48.56.144
700,Amerigo,Dodshun,adodshunjf@themeforest.net,Female,220.246.152.119
701,Yetty,Wasiel,ywasieljg@blogtalkradio.com,Female,218.33.135.159
702,Roosevelt,Liffe,rliffejh@goo.ne.jp,Female,160.127.100.55
703,Stillman,Acom,sacomji@walmart.com,Male,202.223.102.214
704,Libbey,Yearne,lyearnejj@japanpost.jp,Male,202.87.221.40
705,Suellen,Hearne,shearnejk@phoca.cz,Male,5.165.31.55
706,Rowan,Standage,rstandagejl@wsj.com,Female,234.230.54.152
707,Alex,Boldecke,aboldeckejm@example.com,Male,143.130.111.166
708,Odie,Huggons,ohuggonsjn@businessweek.com,Male,236.61.133.60
709,Alain,Orbine,aorbinejo@addtoany.com,Bigender,56.163.43.235
710,Keely,Dumberrill,kdumberrilljp@facebook.com,Non-binary,229.83.135.222
711,Guenna,Dew,gdewjq@phoca.cz,Male,194.140.222.254
712,Angeline,Keme,akemejr@bloomberg.com,Female,102.175.152.232
713,Annabell,Romushkin,aromushkinjs@over-blog.com,Male,143.242.236.180
714,Lemuel,Milthorpe,lmilthorpejt@etsy.com,Female,124.29.95.212
715,Frazier,Swinburne,fswinburneju@pcworld.com,Male,119.194.33.174
716,Kennith,Iskowitz,kiskowitzjv@fema.gov,Male,220.62.90.248
717,Perri,Keinrat,pkeinratjw@boston.com,Female,49.132.153.45
718,Howey,Richardin,hrichardinjx@alibaba.com,Female,202.75.43.140
719,Alasdair,Dee,adeejy@vinaora.com,Male,236.2.5.170
720,Denney,Vincent,dvincentjz@census.gov,Male,54.76.72.226
721,Lavinia,Gosford,lgosfordk0@lulu.com,Genderfluid,101.63.41.138
722,Cynde,Simonot,csimonotk1@hp.com,Female,86.148.74.127
723,Merill,Overbury,moverburyk2@friendfeed.com,Female,255.94.161.235
724,Shelden,Duff,sduffk3@bigcartel.com,Female,65.115.61.70
725,Melanie,Dudeney,mdudeneyk4@cbc.ca,Male,218.87.213.100
726,Bay,Chewter,bchewterk5@cargocollective.com,Female,182.0.233.194
727,Lynnett,Avison,lavisonk6@twitpic.com,Female,209.246.199.181
728,Franz,Coldbathe,fcoldbathek7@shop-pro.jp,Female,193.245.254.247
729,Shara,Stading,sstadingk8@blogspot.com,Female,214.255.108.254
730,Maje,Corwin,mcorwink9@mozilla.org,Female,56.153.126.62
731,Karee,Tibbotts,ktibbottska@time.com,Female,184.79.24.241
732,Mitzi,Clarke,mclarkekb@loc.gov,Non-binary,222.224.141.138
733,Kevin,Scyner,kscynerkc@weather.com,Female,188.159.122.79
734,Pearce,Callaby,pcallabykd@sfgate.com,Male,1.236.76.96
735,Francklin,Ebden,febdenke@google.co.jp,Female,246.4.152.5
736,Marthena,Kynd,mkyndkf@etsy.com,Male,59.131.119.120
737,Prissie,Marde,pmardekg@weather.com,Female,128.166.34.5
738,Denney,Havercroft,dhavercroftkh@miibeian.gov.cn,Female,212.163.59.82
739,Karry,Guyonneau,kguyonneauki@list-manage.com,Male,174.6.37.10
740,Ameline,Akam,aakamkj@whitehouse.gov,Female,230.170.28.53
741,Ethelind,Swires,eswireskk@bloglines.com,Female,39.140.240.17
742,Danny,Machin,dmachinkl@msu.edu,Female,235.207.35.165
743,Jobye,Clothier,jclothierkm@tamu.edu,Male,29.70.228.73
744,Mella,Hearfield,mhearfieldkn@google.ru,Agender,23.203.158.88
745,Thayne,Bernardeschi,tbernardeschiko@cyberchimps.com,Female,52.70.231.30
746,Royce,O'Cannavan,rocannavankp@plala.or.jp,Female,19.132.27.48
747,Moises,Click,mclickkq@ft.com,Male,238.253.180.38
748,Edita,Archibald,earchibaldkr@barnesandnoble.com,Female,225.192.9.19
749,Tuckie,Hoonahan,thoonahanks@canalblog.com,Bigender,17.19.167.38
750,Harley,Penylton,hpenyltonkt@123-reg.co.uk,Male,204.234.246.37
751,Garek,Fahy,gfahyku@auda.org.au,Female,183.98.249.177
752,Blanca,Fairlie,bfairliekv@yellowbook.com,Polygender,39.152.254.95
753,Jemimah,Pownall,jpownallkw@geocities.jp,Female,178.161.228.212
754,Lari,Havis,lhaviskx@sun.com,Female,32.234.21.68
755,Hildagard,Verchambre,hverchambreky@freewebs.com,Male,201.201.85.242
756,Rasia,Fermor,rfermorkz@chron.com,Female,8.32.31.83
757,Filide,Ledwith,fledwithl0@addtoany.com,Male,168.216.186.224
758,Nalani,Zorzini,nzorzinil1@chron.com,Male,172.40.123.51
759,Aubrette,Dinley,adinleyl2@wsj.com,Female,46.140.78.251
760,Griff,Silber,gsilberl3@netlog.com,Female,110.160.17.249
761,Elise,Caddies,ecaddiesl4@webs.com,Male,231.135.176.75
762,Terrye,Spottiswoode,tspottiswoodel5@springer.com,Female,106.238.11.8
763,Ketty,Timcke,ktimckel6@geocities.jp,Female,73.22.38.98
764,Etty,Binder,ebinderl7@hud.gov,Male,113.50.189.21
765,Angus,Townson,atownsonl8@time.com,Male,107.228.255.119
766,Ernesta,Olivera,eoliveral9@earthlink.net,Agender,180.24.14.94
767,Ulrike,Braybrookes,ubraybrookesla@bbc.co.uk,Bigender,87.216.49.35
768,Carley,Pennells,cpennellslb@cnet.com,Male,104.251.166.47
769,Sean,Fishly,sfishlylc@sciencedirect.com,Male,121.191.150.6
770,Cordelia,Hanway,chanwayld@europa.eu,Male,237.188.248.160
771,Laughton,Sall,lsallle@a8.net,Female,216.30.142.187
772,Jaquelyn,Ewbanke,jewbankelf@utexas.edu,Male,103.17.218.128
773,Jeana,Murrie,jmurrielg@comcast.net,Female,199.14.92.63
774,Cassaundra,Compston,ccompstonlh@shareasale.com,Male,249.173.48.171
775,Gunner,Featenby,gfeatenbyli@ning.com,Female,15.74.154.119
776,Annissa,Kisbey,akisbeylj@blog.com,Female,174.179.104.211
777,Tris,Syratt,tsyrattlk@examiner.com,Male,252.109.143.194
778,Berri,Gunton,bguntonll@vimeo.com,Male,247.177.113.179
779,Rozamond,Hammett,rhammettlm@epa.gov,Agender,51.170.215.206
780,Leslie,Ruben,lrubenln@usda.gov,Female,129.221.225.168
781,Arnuad,Bence,abencelo@telegraph.co.uk,Female,234.227.226.161
782,Helga,Dartnall,hdartnalllp@biblegateway.com,Male,82.58.113.25
783,Devonna,Sargood,dsargoodlq@paypal.com,Female,195.158.133.208
784,Darcee,Owenson,dowensonlr@wisc.edu,Bigender,140.24.63.28
785,Egon,Gatling,egatlingls@pagesperso-orange.fr,Female,143.124.246.26
786,Ceciley,Bladge,cbladgelt@g.co,Male,126.145.40.134
787,Mariam,Wattinham,mwattinhamlu@usnews.com,Female,184.45.222.152
788,Lay,Dank,ldanklv@devhub.com,Female,160.95.192.143
789,Armando,Methven,amethvenlw@ucsd.edu,Bigender,117.82.12.215
790,Frederick,Busson,fbussonlx@hud.gov,Male,249.248.19.171
791,Liliane,Wildish,lwildishly@diigo.com,Agender,164.162.221.203
792,Pia,Bayley,pbayleylz@pinterest.com,Male,22.240.198.111
793,Vitia,Hinstock,vhinstockm0@miibeian.gov.cn,Male,8.24.107.154
794,Illa,Kitteringham,ikitteringhamm1@nationalgeographic.com,Female,25.150.199.231
795,Lacey,Coniam,lconiamm2@fotki.com,Female,233.153.165.231
796,Jaquelyn,Posten,jpostenm3@cbsnews.com,Female,80.46.57.83
797,Gavin,Piche,gpichem4@nifty.com,Male,219.134.16.224
798,Dugald,Lynnett,dlynnettm5@hostgator.com,Female,103.199.70.47
799,Garek,Beckenham,gbeckenhamm6@drupal.org,Female,255.39.248.73
800,Berk,Noddles,bnoddlesm7@shutterfly.com,Female,88.74.20.30
801,Elianora,MacRirie,emacririem8@cafepress.com,Bigender,96.232.202.187
802,Andrus,Aldie,aaldiem9@usa.gov,Female,145.175.103.233
803,Nap,Frederick,nfrederickma@networkadvertising.org,Female,80.70.39.177
804,Byrann,Trayes,btrayesmb@hao123.com,Genderfluid,124.23.190.157
805,Nichole,Birchett,nbirchettmc@mediafire.com,Male,155.102.25.129
806,Caro,Mattek,cmattekmd@ebay.com,Female,74.5.137.84
807,Filippo,Carey,fcareyme@reuters.com,Male,180.195.76.18
808,Madge,Biskupski,mbiskupskimf@ovh.net,Male,49.64.92.157
809,Wileen,Ambridge,wambridgemg@nba.com,Female,119.85.254.148
810,Malinde,Lombardo,mlombardomh@taobao.com,Female,60.138.254.62
811,Shell,Gjerde,sgjerdemi@yelp.com,Male,159.21.240.89
812,Gerrie,Jenne,gjennemj@w3.org,Male,246.156.221.185
813,Elvira,Sherrell,esherrellmk@house.gov,Male,165.68.145.167
814,Ruthi,Waters,rwatersml@indiatimes.com,Male,125.33.161.3
815,Leann,Phin,lphinmm@bandcamp.com,Female,187.179.208.21
816,Ambrosius,Pelcheur,apelcheurmn@cmu.edu,Male,65.182.240.203
817,Doll,Clulow,dclulowmo@homestead.com,Female,8.29.240.54
818,Jeri,Faull,jfaullmp@photobucket.com,Female,20.153.166.97
819,Thorvald,Agate,tagatemq@yahoo.co.jp,Agender,189.36.47.78
820,Abbie,Tipping,atippingmr@tiny.cc,Male,104.0.153.40
821,Ephrem,Marchington,emarchingtonms@woothemes.com,Male,141.15.234.25
822,Lily,Cutts,lcuttsmt@a8.net,Male,29.110.48.28
823,Emilee,Oak,eoakmu@angelfire.com,Male,242.165.203.152
824,Clovis,Gobbett,cgobbettmv@wikia.com,Male,254.44.178.253
825,Marcy,Pudan,mpudanmw@barnesandnoble.com,Male,116.143.127.27
826,Kelila,Haselden,khaseldenmx@businessweek.com,Female,108.215.20.201
827,Griffie,Shields,gshieldsmy@cloudflare.com,Female,147.189.91.203
828,Alisun,Hebburn,ahebburnmz@joomla.org,Female,169.228.187.200
829,Fonsie,Muckersie,fmuckersien0@nasa.gov,Male,111.169.134.130
830,Winthrop,Gillson,wgillsonn1@cnn.com,Female,27.91.81.56
831,Cookie,Pietron,cpietronn2@si.edu,Male,82.151.104.25
832,Clem,Swinney,cswinneyn3@tripadvisor.com,Male,238.72.79.66
833,Oralie,Wolfendale,owolfendalen4@adobe.com,Female,110.150.31.153
834,Marleen,MacRorie,mmacrorien5@apache.org,Male,249.155.76.132
835,Ira,Saulter,isaultern6@phpbb.com,Female,86.107.207.186
836,Ivan,Roo,iroon7@sphinn.com,Female,144.110.230.170
837,Dania,Huygen,dhuygenn8@hatena.ne.jp,Female,253.140.154.95
838,Virgie,Fullalove,vfullaloven9@npr.org,Male,24.66.251.233
839,Reider,Stot,rstotna@bigcartel.com,Female,139.30.181.30
840,Cyb,Gosse,cgossenb@diigo.com,Female,53.57.87.252
841,Roselin,Tunbridge,rtunbridgenc@irs.gov,Female,213.147.177.29
842,Doretta,Macken,dmackennd@wikimedia.org,Male,188.143.54.65
843,Bess,Kretchmer,bkretchmerne@pcworld.com,Male,85.195.149.118
844,Jonell,Christin,jchristinnf@google.cn,Male,176.107.250.201
845,Laurel,Brandone,lbrandoneng@icq.com,Female,91.175.34.79
846,Burl,Regus,bregusnh@simplemachines.org,Male,72.75.104.120
847,Gates,Lempke,glempkeni@behance.net,Male,57.58.74.85
848,Thorny,Terzza,tterzzanj@ameblo.jp,Polygender,154.110.92.239
849,Dylan,Nassi,dnassink@msu.edu,Female,127.3.185.217
850,Babita,Ties,btiesnl@buzzfeed.com,Male,153.243.48.65
851,Ignace,Brok,ibroknm@squarespace.com,Male,79.21.124.212
852,Elladine,Greenroa,egreenroann@dell.com,Male,200.174.52.104
853,Shina,Deeson,sdeesonno@google.fr,Male,219.240.9.247
854,Staci,Canete,scanetenp@slate.com,Female,52.100.246.133
855,Tim,Folshom,tfolshomnq@usa.gov,Male,10.181.14.146
856,Archibaldo,Trowsdall,atrowsdallnr@abc.net.au,Female,22.153.82.233
857,Lorine,Runsey,lrunseyns@dailymotion.com,Male,144.105.5.88
858,Pattin,Fike,pfikent@a8.net,Genderfluid,220.76.209.238
859,Bancroft,Brownsall,bbrownsallnu@foxnews.com,Male,11.245.150.33
860,Floris,Hanes,fhanesnv@altervista.org,Male,74.177.246.42
861,Bent,Britney,bbritneynw@guardian.co.uk,Male,109.178.219.225
862,Miguel,Espada,mespadanx@pinterest.com,Female,187.176.77.70
863,Gianina,Jaycock,gjaycockny@reverbnation.com,Female,152.51.99.157
864,Kare,Kelway,kkelwaynz@pcworld.com,Male,242.85.144.142
865,Clemens,Parkins,cparkinso0@blogtalkradio.com,Female,41.135.58.57
866,Mariska,Le Barr,mlebarro1@columbia.edu,Male,188.100.181.33
867,Denise,Cadore,dcadoreo2@walmart.com,Female,212.27.187.120
868,Julina,Lanchbury,jlanchburyo3@eepurl.com,Female,175.191.201.209
869,Gibby,Arp,garpo4@timesonline.co.uk,Male,246.129.36.43
870,Jorry,Salway,jsalwayo5@imgur.com,Female,13.138.45.51
871,Tailor,Gaylor,tgayloro6@nbcnews.com,Male,187.70.200.110
872,Ronny,Brunnen,rbrunneno7@bbc.co.uk,Genderqueer,103.48.3.59
873,Richie,Bunning,rbunningo8@behance.net,Female,255.133.79.87
874,Beverlie,Deinert,bdeinerto9@adobe.com,Female,4.70.105.205
875,Noami,Pichan,npichanoa@histats.com,Male,91.71.69.165
876,Terence,Guynemer,tguynemerob@oracle.com,Female,160.183.86.199
877,Sena,Shoobridge,sshoobridgeoc@paginegialle.it,Male,153.158.61.174
878,Chiarra,Tidder,ctidderod@photobucket.com,Female,114.239.6.205
879,Lenee,Reed,lreedoe@state.gov,Female,157.117.186.50
880,Malissa,Osan,mosanof@mozilla.org,Agender,176.209.25.173
881,Janina,Delamar,jdelamarog@indiegogo.com,Female,134.128.116.123
882,Ricca,Sessuns,rsessunsoh@narod.ru,Female,216.153.45.228
883,Genni,Wolstencroft,gwolstencroftoi@archive.org,Male,101.242.141.98
884,Jorie,Eggleson,jegglesonoj@exblog.jp,Female,96.117.82.194
885,Christophorus,Mawdsley,cmawdsleyok@hexun.com,Non-binary,152.247.119.76
886,Danit,Layfield,dlayfieldol@deliciousdays.com,Female,138.149.71.48
887,Cammie,Helliwell,chelliwellom@oaic.gov.au,Female,147.163.135.236
888,Even,Petzolt,epetzolton@wsj.com,Female,152.178.35.22
889,Leodora,Miguel,lmigueloo@ezinearticles.com,Genderfluid,31.206.107.4
890,Aidan,Midlar,amidlarop@patch.com,Female,4.55.140.35
891,Trstram,Greeson,tgreesonoq@netscape.com,Female,3.49.249.49
892,Salomo,Allaway,sallawayor@bing.com,Female,19.204.5.189
893,Greta,Benning,gbenningos@mysql.com,Female,246.33.28.228
894,Munroe,Grute,mgruteot@ox.ac.uk,Female,148.57.96.36
895,Enid,Sherebrook,esherebrookou@ucsd.edu,Male,176.147.237.91
896,Zsa zsa,Branni,zbranniov@unesco.org,Female,211.247.132.29
897,Briggs,Decent,bdecentow@t-online.de,Female,178.91.164.148
898,Harlan,Flaunders,hflaundersox@marriott.com,Male,5.113.85.204
899,Olympia,Serrels,oserrelsoy@digg.com,Male,136.142.106.94
900,Tibold,Choldcroft,tcholdcroftoz@list-manage.com,Agender,153.237.185.50
901,Stirling,Chartre,schartrep0@google.es,Male,225.88.161.73
902,Mommy,Cecely,mcecelyp1@mapquest.com,Female,163.54.105.122
903,Skipp,Benoist,sbenoistp2@soundcloud.com,Female,250.221.216.82
904,Alasdair,Offield,aoffieldp3@wunderground.com,Male,241.186.211.27
905,Wolf,Grealey,wgrealeyp4@arstechnica.com,Female,131.29.163.30
906,Normie,Gogerty,ngogertyp5@time.com,Male,246.155.223.118
907,Nikita,Holtom,nholtomp6@networkadvertising.org,Female,44.246.104.96
908,Toddie,Menpes,tmenpesp7@cafepress.com,Female,154.102.245.46
909,Giustino,Eldered,gelderedp8@quantcast.com,Male,161.154.184.58
910,Haily,Hauxby,hhauxbyp9@thetimes.co.uk,Male,215.206.97.149
911,Corene,Lelliott,clelliottpa@opera.com,Male,255.124.163.166
912,Andy,Dumbare,adumbarepb@japanpost.jp,Female,197.34.250.200
913,Darcey,Keinrat,dkeinratpc@umich.edu,Male,51.210.235.153
914,Adrien,Orris,aorrispd@adobe.com,Male,74.123.234.239
915,Malchy,Benedetti,mbenedettipe@independent.co.uk,Male,94.40.52.93
916,Friedrich,Ferreo,fferreopf@gmpg.org,Male,16.230.164.87
917,Dosi,Pallent,dpallentpg@senate.gov,Non-binary,90.88.60.191
918,Bernadene,Ricciardiello,bricciardielloph@people.com.cn,Male,241.162.121.160
919,Alyosha,Bosomworth,abosomworthpi@deliciousdays.com,Male,203.150.42.200
920,Annabel,Rattray,arattraypj@behance.net,Male,58.128.161.50
921,Myranda,Carne,mcarnepk@tinypic.com,Female,142.5.139.52
922,Marc,Cornilleau,mcornilleaupl@nih.gov,Female,106.85.44.172
923,Evaleen,Nizard,enizardpm@360.cn,Male,89.215.161.137
924,Sidonia,Ryott,sryottpn@theguardian.com,Female,139.185.84.178
925,Ollie,Warfield,owarfieldpo@apache.org,Male,175.127.223.140
926,Shannan,Angel,sangelpp@house.gov,Female,20.200.141.85
927,Rafi,Heard,rheardpq@creativecommons.org,Male,244.107.11.129
928,Chan,Crenage,ccrenagepr@prlog.org,Female,168.66.249.202
929,Dugald,Salvatore,dsalvatoreps@indiatimes.com,Genderfluid,235.4.113.12
930,Pincus,Hamelyn,phamelynpt@nytimes.com,Male,103.72.247.237
931,Tamiko,Fillingham,tfillinghampu@symantec.com,Female,212.51.144.24
932,Carroll,Froude,cfroudepv@census.gov,Agender,122.141.131.175
933,Skye,Reidie,sreidiepw@artisteer.com,Female,129.167.107.93
934,Elspeth,Strute,estrutepx@xinhuanet.com,Female,93.242.199.3
935,Jarret,Redholes,jredholespy@canalblog.com,Female,57.99.145.106
936,Dimitri,Cowe,dcowepz@example.com,Male,159.174.142.247
937,Carena,Dollard,cdollardq0@reuters.com,Male,213.201.77.80
938,Ricki,Bedson,rbedsonq1@slideshare.net,Female,136.185.102.107
939,Dave,Itscovitz,ditscovitzq2@geocities.jp,Female,69.70.223.178
940,Judy,Bousler,jbouslerq3@netscape.com,Male,180.161.36.199
941,Ariel,Newburn,anewburnq4@vk.com,Female,125.118.184.158
942,Bridget,Wrankling,bwranklingq5@addthis.com,Female,209.220.91.245
943,Jacquelynn,Tungay,jtungayq6@bigcartel.com,Non-binary,246.177.255.148
944,Gerti,Jiruca,gjirucaq7@newsvine.com,Female,4.82.15.198
945,Evan,Pashenkov,epashenkovq8@etsy.com,Female,21.230.94.56
946,Brenna,Blakesley,bblakesleyq9@soup.io,Male,25.186.248.70
947,Celeste,Shingler,cshinglerqa@dailymotion.com,Female,35.148.98.18
948,Elissa,Caseri,ecaseriqb@cornell.edu,Female,90.45.82.40
949,Art,Dacks,adacksqc@harvard.edu,Male,113.57.160.105
950,Dionne,O'Harney,doharneyqd@nytimes.com,Female,182.211.197.253
951,Ulberto,Gecks,ugecksqe@aboutads.info,Female,126.27.17.173
952,Rube,Muggach,rmuggachqf@tinyurl.com,Female,26.89.172.74
953,Clementia,Robbings,crobbingsqg@newsvine.com,Male,233.30.88.123
954,Tonye,Carverhill,tcarverhillqh@w3.org,Female,161.108.39.127
955,Krystle,Tetsall,ktetsallqi@senate.gov,Male,176.21.103.97
956,Noami,Footer,nfooterqj@vinaora.com,Female,209.231.235.155
957,Agneta,Mennithorp,amennithorpqk@last.fm,Male,122.164.130.154
958,Arnaldo,Heathfield,aheathfieldql@webnode.com,Male,181.152.209.141
959,Marianna,Edgeon,medgeonqm@marketwatch.com,Male,165.149.249.147
960,Zeke,Ord,zordqn@uol.com.br,Female,189.60.153.67
961,Ladonna,Cobley,lcobleyqo@apple.com,Male,40.255.234.149
962,Walliw,Ratray,wratrayqp@fema.gov,Female,227.213.68.239
963,Emmanuel,Dyers,edyersqq@dropbox.com,Male,21.36.205.124
964,Reagan,Smallcomb,rsmallcombqr@stanford.edu,Female,16.255.189.84
965,Margy,Whiscard,mwhiscardqs@goodreads.com,Male,52.227.20.139
966,Derron,Chese,dcheseqt@nationalgeographic.com,Non-binary,12.119.33.63
967,Kiley,Atkins,katkinsqu@earthlink.net,Male,95.141.131.211
968,Lydie,Dunsford,ldunsfordqv@flickr.com,Female,7.123.128.166
969,Genevra,Shiels,gshielsqw@discuz.net,Polygender,245.69.190.12
970,Manny,Gutman,mgutmanqx@utexas.edu,Female,64.171.198.43
971,Bourke,Schnieder,bschniederqy@cnn.com,Male,33.19.106.79
972,Lorin,McAndie,lmcandieqz@skyrock.com,Female,107.169.172.37
973,Valentina,Galbreath,vgalbreathr0@spotify.com,Female,90.221.118.33
974,Binnie,Kach,bkachr1@blogger.com,Female,170.98.56.113
975,Rufe,Galland,rgallandr2@qq.com,Female,184.254.214.180
976,Mady,Conningham,mconninghamr3@drupal.org,Female,149.87.70.231
977,Sigismund,Janny,sjannyr4@so-net.ne.jp,Female,102.236.61.173
978,Bessie,Veillard,bveillardr5@t-online.de,Female,239.124.130.182
979,Charity,Andriulis,candriulisr6@reverbnation.com,Male,247.47.213.207
980,Clive,Philipard,cphilipardr7@netscape.com,Female,33.170.183.67
981,Esma,Christescu,echristescur8@desdev.cn,Male,220.168.10.189
982,Ajay,Phillips,aphillipsr9@multiply.com,Genderfluid,243.173.211.51
983,Piper,Plinck,pplinckra@woothemes.com,Female,88.170.194.67
984,Modesta,Greensides,mgreensidesrb@sciencedirect.com,Female,176.114.175.227
985,Kameko,Perillio,kperilliorc@google.fr,Female,97.187.25.119
986,Florida,Erbe,ferberd@taobao.com,Female,120.155.104.2
987,Dudley,Neilly,dneillyre@lycos.com,Male,225.58.148.199
988,Kurtis,Pennini,kpenninirf@shop-pro.jp,Male,114.73.214.130
989,Cesaro,Speare,cspearerg@spotify.com,Female,82.104.116.210
990,Diann,Grubey,dgrubeyrh@deviantart.com,Female,47.7.3.167
991,Hugh,Gath,hgathri@washingtonpost.com,Female,182.97.69.116
992,Wendy,Stirley,wstirleyrj@mozilla.org,Male,201.157.106.66
993,Marrissa,Tewelson,mtewelsonrk@myspace.com,Female,70.5.176.248
994,Bidget,Cattenach,bcattenachrl@cnn.com,Female,225.204.210.72
995,Neale,Olifaunt,nolifauntrm@wsj.com,Female,83.128.229.145
996,Nettie,Aps,napsrn@istockphoto.com,Female,22.22.149.175
997,Ricard,Storek,rstorekro@friendfeed.com,Female,97.226.229.121
998,Ezequiel,Tripe,etriperp@studiopress.com,Female,117.74.242.80
999,Charlie,McKeefry,cmckeefryrq@wiley.com,Female,173.204.135.160
1000,William,Cusiter,wcusiterrr@alibaba.com,Female,55.135.199.240
